insert into modelado.grupos
(id_grupo, grupo, description)
values ('01','BMW Group', 'Bayerische Motores Werke');

insert into modelado.grupos
(id_grupo, grupo, description)
values ('02','Daimler', 'DaimlerChrysler AG');

insert into modelado.grupos
(id_grupo, grupo, description)
values ('03','FCA', 'Fiat Chrysler Automobiles');

insert into modelado.grupos
(id_grupo, grupo, description)
values ('04','Ford', 'Fundada por Henry Ford en 1903');

insert into modelado.grupos
(id_grupo, grupo, description)
values ('05','Geely', 'Se trata del primer fabricante de coches surgido en la República Popular China');

insert into modelado.grupos
(id_grupo, grupo, description)
values ('06','General Motors', 'En la lista de las empresas más valiosas del mundo');

insert into modelado.grupos
(id_grupo, grupo, description)
values ('07','Honda', 'Honda es un grupo automovilístico japonés');

insert into modelado.grupos
(id_grupo, grupo, description)
values ('08','Hyundai', 'El fabricante de coches más importante de Corea del Sur');

insert into modelado.grupos
(id_grupo, grupo, description)
values ('09','Renault-Nissan', 'Con base en Yokohama, Japón');

insert into modelado.grupos
(id_grupo, grupo, description)
values ('10','PSA', 'Citroen,  Peugeot y Opel');

insert into modelado.grupos
(id_grupo, grupo, description)
values ('11','Tata', 'Tata Motors es el grupo automovilístico más importante de la India');

insert into modelado.grupos
(id_grupo, grupo, description)
values ('12','Toyota', 'Grupo automovilístico asiático más importante');

insert into modelado.grupos
(id_grupo, grupo, description)
values ('13','Volkswagen', 'Fundada en 1937 y con base alemana');

insert into modelado.grupos
(id_grupo, grupo, description)
values ('14','Suzuki', 'Suzuki puede presumir de ser uno de los fabricantes independientes más exitosos del panorama de motor actual');

-- MArcas
insert into modelado.marcas
(id_marca, id_grupo, marca, description) 
values ('01', '01', 'Mini', '');

insert into modelado.marcas
(id_marca, id_grupo, marca, description) 
values ('02', '01', 'Rolls Royce', '');

insert into modelado.marcas
(id_marca, id_grupo, marca, description) 
values ('03', '01', 'BMW', '');

insert into modelado.marcas
(id_marca, id_grupo, marca, description) 
values ('04', '02', 'Maybach', '');

insert into modelado.marcas
(id_marca, id_grupo, marca, description) 
values ('05', '02', 'Mercedes-Benz', '');

insert into modelado.marcas
(id_marca, id_grupo, marca, description) 
values ('06', '02', 'Smart', '');

insert into modelado.marcas
(id_marca, id_grupo, marca, description) 
values ('07', '03', 'Alfa Romeo', '');

insert into modelado.marcas
(id_marca, id_grupo, marca, description) 
values ('08', '03', 'Abarth', '');

insert into modelado.marcas
(id_marca, id_grupo, marca, description) 
values ('09', '03', 'Chrysler', '');

insert into modelado.marcas
(id_marca, id_grupo, marca, description) 
values ('10', '03', 'Dodge', '');

insert into modelado.marcas
(id_marca, id_grupo, marca, description) 
values ('11', '03', 'Fiat', '');

insert into modelado.marcas
(id_marca, id_grupo, marca, description) 
values ('12', '03', 'Jeep', '');

insert into modelado.marcas
(id_marca, id_grupo, marca, description) 
values ('13', '03', 'Lancia', '');

insert into modelado.marcas
(id_marca, id_grupo, marca, description) 
values ('14', '03', 'Maserati', '');

insert into modelado.marcas
(id_marca, id_grupo, marca, description) 
values ('15', '03', 'RAM', '');

insert into modelado.marcas
(id_marca, id_grupo, marca, description) 
values ('16', '04', 'Ford', '');

insert into modelado.marcas
(id_marca, id_grupo, marca, description) 
values ('17', '04', 'The Lincoln Company', '');

insert into modelado.marcas
(id_marca, id_grupo, marca, description) 
values ('18', '04', 'Troller', '');

insert into modelado.marcas
(id_marca, id_grupo, marca, description) 
values ('19', '05', 'Geely', '');

insert into modelado.marcas
(id_marca, id_grupo, marca, description) 
values ('20', '05', 'The London Taxi Company', '');

insert into modelado.marcas
(id_marca, id_grupo, marca, description) 
values ('21', '05', 'Volvo', '');

insert into modelado.marcas
(id_marca, id_grupo, marca, description) 
values ('22', '06', 'Baojun', '');

insert into modelado.marcas
(id_marca, id_grupo, marca, description) 
values ('23', '06', 'Buick', '');

insert into modelado.marcas
(id_marca, id_grupo, marca, description) 
values ('24', '06', 'Cadillac', '');

insert into modelado.marcas
(id_marca, id_grupo, marca, description) 
values ('25', '06', 'Chevrolet', '');

insert into modelado.marcas
(id_marca, id_grupo, marca, description) 
values ('26', '06', 'GMC', '');

insert into modelado.marcas
(id_marca, id_grupo, marca, description) 
values ('27', '06', 'Wuling Motors', '');

insert into modelado.marcas
(id_marca, id_grupo, marca, description) 
values ('28', '07', 'Acura', '');

insert into modelado.marcas
(id_marca, id_grupo, marca, description) 
values ('29', '07', 'Honda', '');

insert into modelado.marcas
(id_marca, id_grupo, marca, description) 
values ('31', '08', 'Kia', '');

insert into modelado.marcas
(id_marca, id_grupo, marca, description) 
values ('32', '08', 'Hyundai', '');

insert into modelado.marcas
(id_marca, id_grupo, marca, description) 
values ('33', '08', 'Genesis', '');

insert into modelado.marcas
(id_marca, id_grupo, marca, description) 
values ('34', '09', 'Renault', '');

insert into modelado.marcas
(id_marca, id_grupo, marca, description) 
values ('35', '09', 'Nissan', '');

insert into modelado.marcas
(id_marca, id_grupo, marca, description) 
values ('36', '09', 'Infiniti', '');

insert into modelado.marcas
(id_marca, id_grupo, marca, description) 
values ('37', '09', 'Mitsubishi ', '');

insert into modelado.marcas
(id_marca, id_grupo, marca, description) 
values ('38', '09', 'Renault-Samsung', '');

insert into modelado.marcas
(id_marca, id_grupo, marca, description) 
values ('39', '09', 'Alpine', '');

insert into modelado.marcas
(id_marca, id_grupo, marca, description) 
values ('40', '09', 'Datsun', '');

insert into modelado.marcas
(id_marca, id_grupo, marca, description) 
values ('41', '09', 'Lada', '');

insert into modelado.marcas
(id_marca, id_grupo, marca, description) 
values ('42', '09', 'Dacia', '');

insert into modelado.marcas
(id_marca, id_grupo, marca, description) 
values ('43', '10', 'Citroën', '');

insert into modelado.marcas
(id_marca, id_grupo, marca, description) 
values ('44', '10', 'DS Automoviles', '');

insert into modelado.marcas
(id_marca, id_grupo, marca, description) 
values ('45', '10', 'Peugeot', '');

insert into modelado.marcas
(id_marca, id_grupo, marca, description) 
values ('46', '10', 'Opel', '');

insert into modelado.marcas
(id_marca, id_grupo, marca, description) 
values ('47', '11', 'Jaguar', '');

insert into modelado.marcas
(id_marca, id_grupo, marca, description) 
values ('48', '11', 'Land Rover', '');

insert into modelado.marcas
(id_marca, id_grupo, marca, description) 
values ('49', '11', 'Tata Motors', '');

insert into modelado.marcas
(id_marca, id_grupo, marca, description) 
values ('50', '12', 'Daihatsu', '');

insert into modelado.marcas
(id_marca, id_grupo, marca, description) 
values ('51', '12', 'Lexus', '');

insert into modelado.marcas
(id_marca, id_grupo, marca, description) 
values ('52', '12', 'Toyota', '');

insert into modelado.marcas
(id_marca, id_grupo, marca, description) 
values ('53', '13', 'Audi', '');

insert into modelado.marcas
(id_marca, id_grupo, marca, description) 
values ('54', '13', 'Bentley', '');

insert into modelado.marcas
(id_marca, id_grupo, marca, description) 
values ('55', '13', 'Bugatti', '');

insert into modelado.marcas
(id_marca, id_grupo, marca, description) 
values ('56', '13', 'Lamborghini', '');

insert into modelado.marcas
(id_marca, id_grupo, marca, description) 
values ('57', '13', 'Porsche', '');

insert into modelado.marcas
(id_marca, id_grupo, marca, description) 
values ('58', '13', 'SEAT', '');

insert into modelado.marcas
(id_marca, id_grupo, marca, description) 
values ('59', '13', 'Skoda', '');

insert into modelado.marcas
(id_marca, id_grupo, marca, description) 
values ('60', '13', 'Volkswagen', '');

insert into modelado.marcas
(id_marca, id_grupo, marca, description) 
values ('61', '14', 'Suzuki', '');

insert into modelado.monedas
(id_moneda, moneda) 
values ('USD', 'Dólar estadounidense');

insert into modelado.monedas
(id_moneda, moneda) 
values ('HKD', 'Dólar de Hong Kong');

insert into modelado.monedas
(id_moneda, moneda) 
values ('INR', 'Rupia india');

insert into modelado.monedas
(id_moneda, moneda) 
values ('JPY', 'Yen japonés');

insert into modelado.monedas
(id_moneda, moneda) 
values ('KRW', 'Won surcoreano');

insert into modelado.monedas
(id_moneda, moneda) 
values ('MXN', 'Peso mexicano');

insert into modelado.monedas
(id_moneda, moneda) 
values ('GBP', 'Libra esterlina');

insert into modelado.monedas
(id_moneda, moneda) 
values ('EUR', 'Euro');

insert into modelado.aseguradoras
(id_aseguradora, aseguradora) 
values ('01', 'Mapfre');

insert into modelado.aseguradoras
(id_aseguradora, aseguradora) 
values ('02', 'Allianz');

insert into modelado.aseguradoras
(id_aseguradora, aseguradora) 
values ('03', 'Grupo Mutua Madrileña');

insert into modelado.aseguradoras
(id_aseguradora, aseguradora) 
values ('04', 'AXA Seguros');

insert into modelado.aseguradoras
(id_aseguradora, aseguradora) 
values ('05', 'Grupo Catalana');

insert into modelado.aseguradoras
(id_aseguradora, aseguradora) 
values ('06', 'Reale Seguros');

insert into modelado.aseguradoras
(id_aseguradora, aseguradora) 
values ('07', 'Generali Seguros');

insert into modelado.aseguradoras
(id_aseguradora, aseguradora) 
values ('08', 'Grupo Liberty');

insert into modelado.aseguradoras
(id_aseguradora, aseguradora) 
values ('09', 'Zurich');

insert into modelado.colores
(id_color, color) 
values ('01', 'Blanco');

insert into modelado.colores
(id_color, color) 
values ('02', 'Negro');

insert into modelado.colores
(id_color, color) 
values ('03', 'Gris');

insert into modelado.colores
(id_color, color) 
values ('04', 'Plata');

insert into modelado.colores
(id_color, color) 
values ('05', 'Azul');

insert into modelado.colores
(id_color, color) 
values ('06', 'Rojo');

insert into modelado.colores
(id_color, color) 
values ('07', 'Amarillo');

insert into modelado.colores
(id_color, color) 
values ('08', 'Dorado');

insert into modelado.colores
(id_color, color) 
values ('09', 'Verde');

insert into modelado.colores
(id_color, color) 
values ('10', 'Café Claro');

insert into modelado.modelos
(id_modelo, id_marca, modelo, description)
values ('01', '01', 'Cabrio', '');

insert into modelado.modelos
(id_modelo, id_marca, modelo, description)
values ('02', '01', 'Clubman', '');

insert into modelado.modelos
(id_modelo, id_marca, modelo, description)
values ('03', '01', 'Hatch', '');

insert into modelado.modelos
(id_modelo, id_marca, modelo, description)
values ('04', '57', 'Cayman Style Edition', '');

insert into modelado.modelos
(id_modelo, id_marca, modelo, description)
values ('05', '57', 'Boxter T', '');

insert into modelado.modelos
(id_modelo, id_marca, modelo, description)
values ('06', '57', '718 Spyder', '');

insert into modelado.modelos
(id_modelo, id_marca, modelo, description)
values ('07', '53', 'A1', '');

insert into modelado.modelos
(id_modelo, id_marca, modelo, description)
values ('08', '53', 'A3', '');

insert into modelado.modelos
(id_modelo, id_marca, modelo, description)
values ('09', '53', 'A4 Allroad', '');

insert into modelado.modelos
(id_modelo, id_marca, modelo, description)
values ('10', '53', 'A7', '');

insert into modelado.modelos
(id_modelo, id_marca, modelo, description)
values ('11', '53', 'e-tron GT', '');

insert into modelado.modelos
(id_modelo, id_marca, modelo, description)
values ('12', '53', 'RS 3', '');

insert into modelado.modelos
(id_modelo, id_marca, modelo, description)
values ('13', '53', 'TT RS', '');

insert into modelado.modelos
(id_modelo, id_marca, modelo, description)
values ('14', '31', 'Rio Hatchback', '');

insert into modelado.modelos
(id_modelo, id_marca, modelo, description)
values ('15', '31', 'Rio Sedán', '');

insert into modelado.modelos
(id_modelo, id_marca, modelo, description)
values ('16', '31', 'Forte Sedán', '');

insert into modelado.modelos
(id_modelo, id_marca, modelo, description)
values ('17', '31', 'Forte Hatchback', '');

insert into modelado.modelos
(id_modelo, id_marca, modelo, description)
values ('18', '31', 'Optima', '');

insert into modelado.modelos
(id_modelo, id_marca, modelo, description)
values ('19', '31', 'Sportage', '');

insert into modelado.modelos
(id_modelo, id_marca, modelo, description)
values ('20', '23', 'Avenir', '');

insert into modelado.modelos
(id_modelo, id_marca, modelo, description)
values ('21', '23', 'LACrosse', '');

insert into modelado.modelos
(id_modelo, id_marca, modelo, description)
values ('22', '23', 'Regal', '');

insert into modelado.modelos
(id_modelo, id_marca, modelo, description)
values ('23', '23', 'Grand Sport', '');

insert into modelado.modelos
(id_modelo, id_marca, modelo, description)
values ('24', '23', 'GL6', '');

insert into modelado.modelos
(id_modelo, id_marca, modelo, description)
values ('25', '23', 'GL8', '');

insert into modelado.modelos
(id_modelo, id_marca, modelo, description)
values ('26', '10', '400', '');

insert into modelado.modelos
(id_modelo, id_marca, modelo, description)
values ('27', '10', 'Attitude', '');

insert into modelado.modelos
(id_modelo, id_marca, modelo, description)
values ('28', '10', 'Challenger', '');

insert into modelado.modelos
(id_modelo, id_marca, modelo, description)
values ('29', '10', 'Ramcharger', '');

insert into modelado.modelos
(id_modelo, id_marca, modelo, description)
values ('30', '10', 'Cherokee', '');

insert into modelado.modelos
(id_modelo, id_marca, modelo, description)
values ('31', '16', 'Expedition', '');

insert into modelado.modelos
(id_modelo, id_marca, modelo, description)
values ('32', '16', 'Mustang', '');

insert into modelado.modelos
(id_modelo, id_marca, modelo, description)
values ('33', '16', 'GT', '');

insert into modelado.modelos
(id_modelo, id_marca, modelo, description)
values ('34', '16', 'F-150', '');

insert into modelado.modelos
(id_modelo, id_marca, modelo, description)
values ('35', '16', 'EcoSport', '');

insert into modelado.modelos
(id_modelo, id_marca, modelo, description)
values ('36', '16', 'Maverick', '');

insert into modelado.modelos
(id_modelo, id_marca, modelo, description)
values ('37', '03', 'Serie 1', '');

insert into modelado.modelos
(id_modelo, id_marca, modelo, description)
values ('38', '03', 'Serie 2', '');

insert into modelado.modelos
(id_modelo, id_marca, modelo, description)
values ('39', '03', 'Serie 3', '');

insert into modelado.modelos
(id_modelo, id_marca, modelo, description)
values ('40', '03', 'Serie 4', '');

insert into modelado.modelos
(id_modelo, id_marca, modelo, description)
values ('41', '03', 'Serie 5', '');

insert into modelado.modelos
(id_modelo, id_marca, modelo, description)
values ('42', '03', 'i4', '');

insert into modelado.modelos
(id_modelo, id_marca, modelo, description)
values ('43', '03', 'i4', '');

insert into modelado.modelos
(id_modelo, id_marca, modelo, description)
values ('44', '03', 'CS', '');

insert into modelado.modelos
(id_modelo, id_marca, modelo, description)
values ('45', '05', 'EQE Sedán', '');

insert into modelado.modelos
(id_modelo, id_marca, modelo, description)
values ('46', '05', 'EQS Sedán', '');

insert into modelado.modelos
(id_modelo, id_marca, modelo, description)
values ('47', '05', 'CLA Coupé', '');

insert into modelado.modelos
(id_modelo, id_marca, modelo, description)
values ('48', '05', 'Clase G', '');

insert into modelado.modelos
(id_modelo, id_marca, modelo, description)
values ('49', '35', '37 OZ', '');

insert into modelado.modelos
(id_modelo, id_marca, modelo, description)
values ('50', '35', 'Altima', '');

insert into modelado.modelos
(id_modelo, id_marca, modelo, description)
values ('51', '35', 'Maxima', '');

insert into modelado.modelos
(id_modelo, id_marca, modelo, description)
values ('52', '35', 'Sentra', '');

insert into modelado.modelos
(id_modelo, id_marca, modelo, description)
values ('53', '35', 'Versa', '');

insert into modelado.modelos
(id_modelo, id_marca, modelo, description)
values ('54', '35', 'NP300 Frontier', '');

insert into modelado.modelos
(id_modelo, id_marca, modelo, description)
values ('55', '35', 'Leaf', '');

insert into modelado.autos
(id_auto, id_modelo, matricula, dt_compra, id_color, tot_kms, costo, id_moneda )
values
('01', '09', '2008 ZGZ', '01-01-2020', '01', 1000, 30000, 'USD');

insert into modelado.autos
(id_auto, id_modelo, matricula, dt_compra, id_color, tot_kms, costo, id_moneda, dt_baja )
values
('02', '54', 'PXO 755', '01-01-2020', '05', 10000, 35000, 'USD', '01-01-2023');

insert into modelado.autos
(id_auto, id_modelo, matricula, dt_compra, id_color, tot_kms, costo, id_moneda )
values
('03', '18', '2008 ZR1', '01-01-2018', '01', 20000, 40000, 'USD');

insert into modelado.autos
(id_auto, id_modelo, matricula, dt_compra, id_color, tot_kms, costo, id_moneda )
values
('04', '03', '2025 KR1', '01-01-2021', '02', 25000, 45000, 'USD');

insert into modelado.autos
(id_auto, id_modelo, matricula, dt_compra, id_color, tot_kms, costo, id_moneda )
values
('05', '44', '3025 KR1', '01-01-2022', '03', 25000, 50000, 'EUR');
  
 insert into modelado.autos
(id_auto, id_modelo, matricula, dt_compra, id_color, tot_kms, costo, id_moneda )
values
('06', '23', '3045 RR1', '01-01-2021', '04', 27000, 60000, 'EUR');

 insert into modelado.autos
(id_auto, id_modelo, matricula, dt_compra, id_color, tot_kms, costo, id_moneda )
values
('07', '43', '3035 XX1', '01-01-2023', '02', 17000, 60000, 'EUR');

 insert into modelado.autos
(id_auto, id_modelo, matricula, dt_compra, id_color, tot_kms, costo, id_moneda )
values
('08', '46', '3135 XY1', '01-01-2022', '04', 15000, 62000, 'EUR');

 insert into modelado.autos
(id_auto, id_modelo, matricula, dt_compra, id_color, tot_kms, costo, id_moneda )
values
('09', '47', '4135 GG2', '01-01-2023', '02', 8000, 65000, 'EUR');

insert into modelado.autos
(id_auto, id_modelo, matricula, dt_compra, id_color, tot_kms, costo, id_moneda )
values
('10', '09', '20299 RGZ', '01-01-2021', '02', 1200, 30000, 'USD');

insert into modelado.autos
(id_auto, id_modelo, matricula, dt_compra, id_color, tot_kms, costo, id_moneda )
values
('11', '09', '2008 ZGR', '01-01-2021', '01', 1000, 30000, 'USD');

insert into modelado.autos
(id_auto, id_modelo, matricula, dt_compra, id_color, tot_kms, costo, id_moneda )
values
('12', '54', 'PXO 955', '01-01-2022', '05', 10000, 35000, 'USD');

insert into modelado.autos
(id_auto, id_modelo, matricula, dt_compra, id_color, tot_kms, costo, id_moneda )
values
('13', '18', '2008 ZR1', '01-01-2019', '01', 20000, 40000, 'USD');

insert into modelado.autos
(id_auto, id_modelo, matricula, dt_compra, id_color, tot_kms, costo, id_moneda )
values
('14', '03', '2025 E51', '01-01-2021', '02', 25000, 45000, 'USD');

insert into modelado.autos
(id_auto, id_modelo, matricula, dt_compra, id_color, tot_kms, costo, id_moneda )
values
('15', '44', '3025 AF1', '01-01-2022', '03', 25000, 50000, 'EUR');
  
 insert into modelado.autos
(id_auto, id_modelo, matricula, dt_compra, id_color, tot_kms, costo, id_moneda )
values
('16', '23', '3045 AE1', '01-01-2021', '04', 27000, 60000, 'EUR');

 insert into modelado.autos
(id_auto, id_modelo, matricula, dt_compra, id_color, tot_kms, costo, id_moneda )
values
('17', '43', '3035AD1', '01-01-2023', '02', 17000, 60000, 'EUR');

 insert into modelado.autos
(id_auto, id_modelo, matricula, dt_compra, id_color, tot_kms, costo, id_moneda )
values
('18', '46', '3135 AC1', '01-01-2022', '04', 15000, 62000, 'EUR');

 insert into modelado.autos
(id_auto, id_modelo, matricula, dt_compra, id_color, tot_kms, costo, id_moneda )
values
('19', '47', '4135 AB2', '01-01-2023', '02', 8000, 65000, 'EUR');

insert into modelado.autos
(id_auto, id_modelo, matricula, dt_compra, id_color, tot_kms, costo, id_moneda )
values
('20', '09', '20188 XGZ', '01-01-2020', '02', 1200, 30000, 'USD');

insert into modelado.polizas
(id_poliza, id_auto, dt_contrato, dt_fincontrato, costo, id_aseguradora, id_moneda)
values
('1000001', '01', '03-02-2023', '02-02-2024', 1000, '01', 'EUR');

insert into modelado.polizas
(id_poliza, id_auto, dt_contrato, dt_fincontrato, costo, id_aseguradora, id_moneda)
values
('1000002', '02', '03-02-2023', '02-02-2024', 1000, '02', 'EUR');

insert into modelado.polizas
(id_poliza, id_auto, dt_contrato, dt_fincontrato, costo, id_aseguradora, id_moneda)
values
('1000003', '03', '03-02-2023', '02-02-2024', 1000, '03', 'EUR');

insert into modelado.polizas
(id_poliza, id_auto, dt_contrato, dt_fincontrato, costo, id_aseguradora, id_moneda)
values
('1000004', '04', '03-02-2023', '02-02-2024', 1000, '04', 'EUR');

insert into modelado.polizas
(id_poliza, id_auto, dt_contrato, dt_fincontrato, costo, id_aseguradora, id_moneda)
values
('1000005', '05', '03-02-2023', '02-02-2024', 1000, '05', 'EUR');

insert into modelado.polizas
(id_poliza, id_auto, dt_contrato, dt_fincontrato, costo, id_aseguradora, id_moneda)
values
('1000006', '06', '03-02-2023', '02-02-2024', 1000, '06', 'EUR');

insert into modelado.polizas
(id_poliza, id_auto, dt_contrato, dt_fincontrato, costo, id_aseguradora, id_moneda)
values
('1000007', '07', '03-02-2023', '02-02-2024', 1000, '07', 'EUR');

insert into modelado.polizas
(id_poliza, id_auto, dt_contrato, dt_fincontrato, costo, id_aseguradora, id_moneda)
values
('1000008', '08', '03-02-2023', '02-02-2024', 1000, '07', 'EUR');

insert into modelado.polizas
(id_poliza, id_auto, dt_contrato, dt_fincontrato, costo, id_aseguradora, id_moneda)
values
('1000009', '09', '03-02-2023', '02-02-2024', 1000, '07', 'EUR');

insert into modelado.polizas
(id_poliza, id_auto, dt_contrato, dt_fincontrato, costo, id_aseguradora, id_moneda)
values
('1000010', '10', '03-02-2023', '02-02-2024', 1000, '08', 'USD');

insert into modelado.servicios
(id_servicio, id_poliza, dt_ingreso, dt_salida, costo, id_moneda, kms_entrada)
values
('00001', '1000008', '01-01-2022','02-01-2022', 120, 'USD', 1000)

insert into modelado.servicios
(id_servicio, id_poliza, dt_ingreso, dt_salida, costo, id_moneda, kms_entrada)
values
('00002', '1000001', '05-01-2022','07-01-2022', 110, 'EUR', 1000)



